question,answer
"1.现在普遍认为塑料浮标针对传统的钢制浮标有着几大优点：重量轻.抗腐蚀以及在普遍情况下成本低。 然而，IALA认为，这些显而易见的优势，还需要非常仔细地评估后才能得出。（ ）
",1
"2.塑料浮标与传统的钢质浮标相比具有重量轻及耐腐蚀的优点，且造价低廉，因此可以全面替代传统的钢质浮标。( )
",0
"3.在一般环境条件下，一个塑料浮标外表的可接受磨损时间为10年左右，而热带地区高强度的紫外线会加速其老化。（ ）
",1
"4.关于节奏光有效光强的计算，IALA只建议了二种方法，分别是Schmidt-Clausen法和Allard法。（ ）   
",0
"5.航标预防性维护是指为了保证设备无故障连续运行，在设备元件或模块故障前进行更换或维修。( )
",1
"6.风险也有时间性，应该认识到风险管理过程是循环的，任何时候都可以回到以前的步骤。（ ）
",1
"7.IALA认为如果航标当局将培训需求外包出去，则缔约方应在培训课程开课前2个月，向航标当局提交一份基于已认可的课程目标的培训课程提纲的建议。（ ）
",0
"8.性能指标用于度量、分析和监测航标系统网络和具体系统及设备的性能。（ ）
",1
"9.根据IALA海上浮标系统，水下的障碍物，会给水面航行的船舶造成灾难，或有另外的要求，应被充分标示出来。（ ）
",1
"10.国际航标协会指南就特定专题的某一方面提供了详细的深层次信息，提供备选方案、最佳做法和实施建议。（ ）
",1
"11.SOLAS各缔约国政府在其认为可行和必要时，根据交通量和危险程度的需要，单独提供助航服务时应尽可能减少与其他缔约国政府合作。（ ）
",0
"12.VTS的目的是提高航运安全和航运效率，保证海上生命安全，保护海洋环境和海岸水域，在某一指定区域保护水上设施免受海上交通的不利影响。（ ）
",1
"13.在国际海域或国际海峡的离岸型VTS常和要受保护的项目有关，这意味着可以向公约国的航行船舶多收费用。（ ）
",0
"14.IALA指出桥梁的最佳通过点用一个红白相间横条的圆形标牌标示。（ ）
",0
"15.IALA指南中要求桥梁标志的标牌颜色与桥梁建筑物颜色之间要有明显的反差。（ ）
",1
"16.风险指不期望事件的发生概率，不期望事件包括：对人员、财产或者环境的剥夺、损失或伤害。（ ）
",1
"17.风险管理是单向的，无法回到以前的步骤。（ ）
",0
"18.国际航标协会建议是国际航标协会的最高层次的文件。（ ）
",1
"19.国际的研究表明，航行于沿海航行区的商船，其最低航行要求是导航系统能提供0.5nm的定位准确度和最大为30min的定位时间间隔。（ ）
",0
"20.国际海道测量组织（IHO）是最主要的负责海图事宜的国际组织。（ ）
",1
"21.在海区和内河航道的交汇处，航标管理部门应确保桥梁的标志与内河航道系统的标志和信号不发生矛盾。（ ）
",1
"22.在很深的水域，对浮动标志来说链式锚系过重，需在系泊锚链上增加额外的浮力。在这种情况下用钢丝绳或尼龙绳，或者这些材料结合使用会更合适。（ ）
",1
"23.浮标锚链的总长通常在1.5到5倍水深之间变化，在水深不超过50米的开阔海面上，长度通常是水深的3倍。（ ）
",1
"24.锚链通常能用1－5年，在多泥的条件下可能长到20年。（ ）
",1
"25.在多数地方，灯塔的正确接地设备是非常必要的，以使人员面临的危险和对建筑物的破坏程度减到最低。（ ）
",1
"26.所有无线电通信天线和馈电线缆屏蔽都必须在天线而不是在建筑的入口处和避雷系统相连。（ ）
",1
"27.海上建筑物根据节省用电的原则，在无人工作的前提下，可以熄灭所有灯光。（ ）
",0
"28.如果电网交流电无法利用、不可靠或成本太高，太阳能电源将是首选。（ ）
",1
"30.雷达应答器的应答响应时间通常不超过0.7μs。（ ）
",1
"31.为防止雷达内设电路拒收雷达应答器信号，雷达应答器的“开”周期应不少于12秒。（ ）
",0
"32.设置于海图未标识的临时建筑物上的雷达应答器，其编码应使用莫尔斯码“U”。（ ）
",0
"33.雷达应答器的作用范围可以通过改变它的有效灵敏度或有效发射功率来增加或减少。（ ）
",1
"34.等间隔点可以作为雷达应答器识别码。（ ）
",0
"35.所有雷康都是经定时程序设置的，并每分钟仅仅只有15秒的时间内处于应答状态。（ ）
",0
"36.灯塔通常是位于临近海岸线的陆上或者在水中的显著建筑物（视觉标志），可作为日标并且为海上信号灯提供平台，具有高达25海里的射程。（ ）
",1
"37.立标通常是陆上或者水中的小型固定视觉标志，视觉特征常常通过日标牌、顶标和数字来确定。如果安装海上信号灯，其射程一般小于12海里。（ ）
",0
"38.安全水域标可用作航道中线标，不能用作初见陆地标。（ ）
",0
"39.国际浮标制度A区域的左侧标是绿色的。（ ）
",0
"1.专用航标，是指在沿海专用航道、锚地和作业区以及相关陆域，为特定船舶提供助航、导航服务或者保护特定设施等而设置的航标。( ) (沿海航标管理办法第2条)
",1
"2.灯船、大型浮标水线以上颜色为绿色。( ) (中国海区灯船和大型浮标制式4.1.1)
",0
"3.设置在灯船上的雷达应答器可以选用莫尔斯信号D码及U码。( ) (中国海区灯船和大型浮标制式4.3)
",0
"4.东方位标是设在危险物的西面，指示船舶不能从标的东侧通过。（ ）（中国海区水上助航标志5.2）
",0
"5.东方位标体为黑色，中间有一条S色宽横带，顶标为上下垂直两黑色锥形，锥底相对。（ ）（中国海区水上助航标志5.2）
",1
"6.西方位标是设在危险物的西面，指示船舶从标的西侧通过。（ ））（中国海区水上助航标志5.4）
",1
"7.右侧标设置于船舶从港口驶向外海方向的航道右侧。（ ）（中国海区水上助航标志4.2）
",0
"9.南方位标的标体上S下黑，顶标为上下垂直两黑色锥形，锥顶均向下。（ ）（中国海区水上助航标志5.3）
",1
"10.西方位标的标体为S色，中间有一条黑色宽横带，顶标为上下垂直两黑色锥形，锥顶相对。（ ）（中国海区水上助航标志5.4）
",1
"11.水中固标志的、顶标、灯质均须与相应浮标或灯浮标保持一致。（ ）（中国海区水上助航标志3.2）
",1
"12.航标按工作原理分，可分为目视航标、无线电航标和音响航标三类。（ ）
",1
"13.顶标是指在水上助航标志顶部的一个或者两个具有一定尺寸和特定形状及颜色的标志。（ ）（航标术语4.8.6）
",1
"14.交通部海事局负责组织编制全国沿海航标总体规划，报交通部批准。( ) (沿海航标管理办法第5条)
",1
"15.沿海航标管理机构负责本辖区范围内的沿海航标总体规划，报交通部批准。( ) (沿海航标管理办法第5条)
",0
"17.交通部海事局是全国海区航标动态通报的主管机关。（ ）(海区航标动态通报管理办法第三条)
",1
"18.航标设置单位完成航标设置后，应当由批准设置的航标管理机关对航标工作效能进行验收，验收合格的，方可正式投入使用。（ ）（海区航标设置管理办法第十三条）
",1
"19.从航行安全的需要和地方经济等综合方面考虑，航标管理机关没有权利责令专业单位设置航标。（ ）（海区航标设置管理办法第七条）
",0
"20.航标设计工作应当由按照国家规定取得航标涉及资格，并持有相应证书的单位承担。（ ）（海区航标设置管理办法第十条）
",1
"21.航标设置单位完成航标设置后，向航标管理机关申请，批准后投入使用，可不进行验收。（ ）（海区航标设置管理办法第十三条）
",0
"22.专用航标的设置、撤除、位置移动和其它状况改变，应当经航标管理机关同意。（ ）（中华人民共和国航标条例第6条）
",1
"23.编制沿海水域航标总体规划，应当与港口、航道发展规划和航运发展规划及其他发展规划相协调。（ ）（沿海航标管理办法第四条）
",1
"24.应急沉船示位标的标体纵向色条的着色为红白二色相间。( )（应急沉船示位标）
",0
"25.设置沿海航标，应当以经依法批准的沿海航标配布图和沿海航标配布方案为依据，做到标位准确，涂色鲜明，安装牢固，效能可靠。（ ）（沿海航标管理办法第十条）
",0
"26.航标管理机关设置、撤除航标或者移动航标位置以改变航标的其他状况时，应当及时通报有关部门。（ ）（中华人民共和国航标条例第八条）
",1
"27.第一类航标动态，预计在20天内不能恢复正常的，应申请发布第二类航标动态。（ ）(海区航标动态通报管理办法第七条)
",0
"28.第二类航标动态应在航标变动前不少于30天申请发布。（ ）(海区航标动态通报管理办法第九条)
",0
"29.航标设置、撤除、位置调整、航标损坏、灯质改变时发布第二类航标动态。（ ）(海区航标动态通报管理办法第四条)
",0
"30.海区航标动态通报管理办法适用于所有的航标，包括军用航标。（ ）(海区航标动态通报管理办法第二条)
",0
"31.提供和播发航标动态信息，可以适当收取成本费用。（ ）(海区航标动态通报管理办法第十一条)
",0
"32.在视觉航标技术测定时，其技术要求为闪光周期和节奏允许偏差在设计周期的±5%以内。（ ）（出处：海区航标效能验收规范  JT/T759-2009）
",1
"33.在对视觉航标技术测定内容中，在结构良好技术要求中，标志形状应无残缺，主体结构完好，顶标倾斜角度小于15°。（ ）（出处：海区航标效能验收规范  JT/T759-2009））答案应为：顶标倾斜角度小于10°
",0
"34.中华人民共和国航标条例适用于军用航标和渔业航标。（ ）（中华人民共和国航标条例第3条）
",1
"35.违反中华人民共和国航标条例，危害军用航标及其辅助设施或影响军用航标工作效能，应当处以罚款的，由军队的航标管理机构处罚。（ ）（中华人民共和国航标条例第23条）
",0
"36.沿海航标管理办法适用于军用航标和渔业航标。( ) (沿海航标管理办法第2条)
",0
"37.配布沿海航标应当符合国家有关技术标准，并通过技术经济论证确定。( ) (沿海航标管理办法第7条)
",1
"38.航标的管理和保护，实行统一管理，分级负责和专业保护与群众保护相结合的原则。（ ）（中华人民共和国航标条例第四条）
",1
"39.船舶触碰航标不报告的，航标管理机关可以根据情节处以2万元以下的罚款；造成损失的，应当依法赔偿。（ ）（中华人民共和国航标条例第二十一条）
",1
"40.航标背景是指观察者观察航标时所见到的航标前后的地物、地貌、水面、空际、灯光等景象。（ ）（航标术语3.1.16）
",0
"41.通航净空是指通航净高及净宽的总称。（ ）（航标术语3.2.5）
",1
"42.沿岸通航带是指通航分道区中向陆地一侧的边界线与相邻海岸间的供船舶抛锚使用的指定水域。（ ）（航标术语3.2.12）
",0
"43.为航标及其管理人员提供能源、水及其他所需物资而设置的各类设施称为航标助航设施。（ ）（中华人民共和国航标条例第十六条）
",0
"44.船舶触碰航标，应当立即向航标管理机关报告。（ ）（中华人民共和国航标条例第14条）
",1
"45.对于危害航标安全或者损害航标工作效能的行为，任何单位和个人都有权制止.检举和控告。（ ）（中华人民共和国航标条例第5条）
",1
"46.海区航标设置管理办法不适用于军用航标和渔业航标。（ ）（海区航标设置管理办法第2条）
",1
"47.同一桥梁上可安装一座或多座雾号警示航行船舶。（ ）（中国海区可航行水域桥梁助航标志）
",1
"48.灯船名称在灯船的两侧舷钣的中部，水线以上，用白漆自左至右定写仿宋体汉字，并在其下定写汉语拼音。( ) (中国海区灯船和大型浮标制式4.1.3)
",1
"49.大型浮标名称在上层建筑的相对两侧，用白漆自上而下或自左至右定写仿宋体汉字.汉语拼音或缩写符号.代号。( ) (中国海区灯船和大型浮标制式4.1.3)
",1
"50.灯船是具有船型，标本港口口门、重要转向点等特定水域，供船舶测定船位和确定航向的浮动助航标志( ) (中国海区灯船和大型浮标制式3.1)
",1
"52.当航标管理机关认为某一新危险物严重危及船舶航行安全时，应尽快设置标示它的标志。这些标志可以是方位标志或侧面标志。（ ）（中国海区水上助航标志9.2）
",1
"53.外国籍船舶经中华人名共和国政府批准后，可以进入中华人名共和国领海。（ ）（中华人民共和国海上交通安全法第十一条）
",1
"54.主管机关按照国家规定，负责统一发布航行警告和航行警告。（ ）（中华人民共和国海上交通安全法第二十九条）
",1
"55.损害助航标志或导航设施的，应接受刑事处罚。（ ）（中华人民共和国海上交通安全法第二十三条）
",0
"56.发现航标损坏、失常、移位、漂失的单位和个人应当及时向当地海事执法部门报告。（ ）(海区航标动态通报管理办法第八条)
",0
"57.交通部海事局按照沿海航标管理办法规定的职责负责沿海航标的有关管理工作。（ ）（沿海航标管理办法第三条）
",1
"58.导标标身（标牌）的外形轮廓应保持在沿导标轴线观察时具有明显的形状特征。（ ）(水运工程导标设计规范7.0.2)
",1
"59.沿海和通航河流上设置的助航标志必须符合当地基础建设规定标准。（ ）(中华人民共和国航道管理条例第二十一条)
",0
"60.军事单位划定、改变或者撤销军事禁航区、军事训练区，由国家主管机关或者区域主管机关发布海上航行警告.航行通告。（ ）(中华人民共和国海上航行警告和航行警告通告管理规定第五条)
",1
"61.在内河通航水域中拖放竹、木等物体，应当在拖放前48小时报海事管理机构同意。（ ）（内河交通安全管理条例第四十三条）
",0
"62.锚链中的末端卸扣应以卸扣本体和末端链环连接，其横稍连于浮标的下吊环或者沉石（锚）的吊环上。（ ）（浮标锚链2.10）
",1
"63.制定沿海航标管理办法的依据是中华人民共和国海上交通安全法和中华人民共和国航标条例。( ) (沿海航标管理办法第1条)
",1
"64.禁止在航标周围10米内或者在埋有航标地上管道、线路的地面钻孔、挖坑、采掘土石、堆放物品或者进行明火作业等影响航标工作效能的行为。（ ）（中华人民共和国航标条例第十七条）
",0
"65.危害军用航标及其辅助设施或者影响军用航标工作效能，应当处以罚款的，由军队的航标管理机构处罚。（ ）（中华人民共和国航标条例第二十三条）
",0
"66.港口内有关行政管理机构办公设施的建设应当符合港口总体规划，建设费用由港口经营人分担。（ ）(中华人民共和国航道管理条例实施细则第二十八条)
",0
"67.海上航行通告由国家主管机关或者区域主管机关以书面形式或者通过报纸、广播、电视等新闻媒介发布。（ ）(中华人民共和国海上航行警告和航行警告通告管理规定第四条)
",1
"68．交通运输部航保中心负责沿海航道航标建设养护。交通运输部设立了北海、东海、南海三个航海保障中心，为直属事业单位，主要承担辖区范围内航标建设养护、港口航道测量绘图、水上通信等技术支持和服务保障职责。（《中华人民共和国航道法释义》）  （     ）
",1
"69．在通航水域上建设桥梁等建筑物，建设单位应当按照国家有关规定和技术要求设置航标等设施，并承担相应费用。桥区水上航标由负责航道管理的部门、海事管理机构负责管理维护。（《航道法》第三十四条）  （    ）
",1
"70．自中华人民共和国境外港口进入境内港口的船舶，应当缴纳船舶吨税。（   ）
",1
"1、管理机关应每月一次安排巡检，用船用雷达从距离应答器1-5海里的范围开始，至应答器规定的最大作用距离为止，对应答器进行扫描检测。（ ）（出处：航标法规标准汇编P60）
",0
"2、有人看守的应答器，应每天检测一次其工作状态；无人看守的应答器，每月检测应不少于一次，或按巡检周期进行。（ ）（出处：航标法规标准汇编P60）
",1
"3、雷达应答器还必须有一个功能叫付瓣抑制，就是去消除付瓣产生的影响。雷达应答器的大量工作就是抑制付瓣。（ ）（出处：航标法规标准汇编P60）
",1
"4、搜救雷达应答器的发射频率为扫频式，若将其震荡器频率调偏，可屏蔽其他物标的回波。（ ）（出处：航标法规标准汇编P60）
",1
"5、雷达应答器（Radar beacon = RACON雷康）,也称雷达信标。是实现船舶导航信息化的重要设施之一。（ ）（出处：航标法规标准汇编P60）
",1
"6、船用雷达有两个工作波段，均为200MHz的带宽。（ ）（出处：航标法规标准汇编P60）
",1
"7、雷达应答器的基本工作原理和船用雷达基本一样，工作方式与雷达也相同。（ ）（出处：航标法规标准汇编P60）
",0
"8、航标上设置雷达应答器编码使用莫尔斯码，要求以长划“―”开头。（ ）（出处：航标法规标准汇编P60）
",1
"9、灯桩、导标和立标巡检补给时，作业人员应着救生衣或系安全带、戴安全帽。( )（海区航标作业管理规则10.2）
",1
"10、巡检补给时，发现浮身、顶标等有损坏现象，应及时修复。不能修复时，应及时更换。( )（海区航标作业管理规则11.5）
",1
"11、卸扣的孔眼、横栓、开口销或销钉及旋转环的旋转部分应涂漆。（ ）（海区航标作业管理规则13.3）
",0
"12、锚链的热处理应在拉力试验和拉断试验之前进行。（ ）（浮标锚链7.5.2）
",1
"13、为预防系链因浮标转动而发生连接扭结而设，可在水中自由旋转的系链组件是旋转环。（ ）
",1
"14、三眼环是灯船或大型浮标双锚泊时连接锚链用的三孔大铁环。（ ）
",1
"15、当地海事局应根据有关的法律法规负责协助辖区航标处追索应急设标、清污等费用。( )（海区航标应急反应管理办法(试行)第十九条）
",1
"16、应急设标任务完成后，辖区航标处应及时向当地海事局通报。当地海事局应立即发布第二类航标动态既航行通告。（ ）（海区航标应急反应管理办法(试行)第二十条）
",0
"17、海区航标管理机构负责海区历史灯塔保(维)护工作的检查监督和一般事项的审批。( )（中国海区历史灯塔保护管理办法(暂行)第三条）
",1
"18、辖区航标管理机构均应建立历史灯塔标志说明。( )（中国海区历史灯塔保护管理办法(暂行)第八条）
",1
"19、历史灯塔所用的灯器发光和能源设备，因陈旧无法正常工作或达不到规定的助航性能必须更新时，原有设备应妥为保存完整，报经海区航标管理机构批准同意后可作为陈列展品，也可委托本地区文物部门或中国航标展馆代为收藏。( )（中国海区历史灯塔保护管理办法(暂行)第8.6条）
",1
"20、历史灯塔区内可新建架空线，新建的架空线应当有计划地改建入地。（ ）（中国海区历史灯塔保护管理办法(暂行)第8.8条）
",0
"21、历史灯塔区内的消防通道应当按照公安消防部门的规定予以完善、疏通，并制定相当的防火安全措施。( )（中国海区历史灯塔保护管理办法(暂行)第8.9条）
",1
"22、历史灯塔的管理单位不得在灯塔建筑内堆放易燃、易爆和腐蚀性的物品，不得从事损坏建筑主体承重结构或其他危害建筑安全的活动。( （中国海区历史灯塔保护管理办法(暂行)第8.7条）
",1
"23、历史灯塔的开发利用必须报经当地文物部门批准，保证历史灯塔及其附属设备和建筑的安全，不得损坏。（ ）（中国海区历史灯塔保护管理办法(暂行)第9条）
",0
"24、当地文物保护部门每年按照各历史灯塔的等级对历史灯塔核拨年度保(维)护经费。（ ）（中国海区历史灯塔保护管理办法(暂行)第10条）
",0
"25、海区航标管理机构负责管辖范围内历史灯塔保护有关规定、细则的制定，重大事项的审批，历史灯塔的等级评估及对外公布。（ ）（中国海区历史灯塔保护管理办法(暂行)第3条）
",0
"26、计算灯塔灯光高度是以平均大潮高潮面为基准面。（ ）（北方海区航标管理――视觉航标）
",1
"27、灯塔灯光因故需提前或推迟开闭，灯塔值班员可自行操作并记录于灯塔值班日志。（ ）（海区航标作业管理规则5.3.2）
",0
"28、灯塔值班员应每日观察气象情况，按时守听气象预报，并记录于灯塔值班日志。（ ）（海区航标作业管理规则5.3.9）
",1
"29、以市电为主供电的无人值守灯塔，采用蓄电池浮充供电，应配置足够容量的蓄电池。（ ）（航标法规标准汇编――固定建（构）筑物维护管理）
",1
"30、重要的灯塔、导标和有人灯船的可用性超过0.95。（ ）（出处：法规汇编――航标固定建筑物维护）
",0
"31、灯塔应每周开展安全日活动，学习安全生产知识，总结安全工作经验教训，并将活动内容记入安全活动记录簿。（ ）（出处：法规汇编――航标固定建筑物维护）
",1
"32、灯塔应根据实际条件制定具体消防措施，每月组织一次消防演练，并记录于安全活动记录簿。（ ）（出处：法规汇编――航标固定建筑物维护）
",0
"33、灯塔旋转机械每年加油润滑一次，每三年检修一次。（ ）（出处：法规汇编――航标固定建筑物维护）
",0
"34、灯塔灯器前后透镜表面应每月以纯酒精擦拭一次，每年以200号细颗粒研磨剂抛光一次。（ ）（出处：法规汇编――航标固定建筑物维护）
",1
"35、A类一级灯塔生活用房总建筑面积应不大于210平方米。（ ）（灯塔主体及附属设施设置要求5.2.3）
",0
"36、塔身高度大于30米的有人值守灯塔可增设小型载人电梯。（ ）（灯塔主体及附属设施设置要求4.4）
",1
"37、采用封闭式防护灯壳的灯器，灯塔可不设灯笼。（ ）（灯塔主体及附属设施设置要求4.8）
",1
"38、塔身高度是指灯塔基础上平面至灯笼顶部之间的高度。（ ）（灯塔主体及附属设施设置要求2.2.1）
",0
"39、有人值守灯塔至少配备1座蓄水池。（ ）（灯塔主体及附属设施设置要求8.1.5）
",0
"40、无人值守的灯塔可不配备蓄水池。（ ）（灯塔主体及附属设施设置要求8.1.6）
",0
"41、水中固定标志不需要编号。（ ）（海区航标作业管理规则）
",0
"42、用于水中固定标志的顶标，其顶标的大小应小于同一水域所设浮标的顶标。（ ）（出处：法规汇编――航标固定建筑物维护）
",0
"43、以柴油机发电系统供电的有人值守灯塔，可配备一台柴油发电机组。（ ）（出处：法规汇编――航标固定建筑物维护）
",0
"44、海区航标固定建（构）筑物的不定期维护是指在遇台风等自然灾害和其他意外情况后，应做检查和维护。（ ）（航标法规标准汇编――固定建（构）筑物维护管理）
",1
"45、视觉航标包括灯塔、灯桩、导标、立标、灯船、灯浮标、浮标等。（ ）（北方海区航标管理――视觉航标）
",1
"46、视觉航标应作为海港的基本设施，海港必须设置完善的视觉航标系统，无线电助航设施应根据船舶航行需要和港口具体条件设置，影响航标一般作为辅助性的助航设施选用。（ ）（北方海区航标管理――航标设置）
",1
"47、计算山体（陆地）高度是以平均海面为基准面。（ ）（北方海区航标管理――视觉航标）
",1
"48、导标轴线设计应使用最新测绘的海图或航道图，比例尺一般不大于1/10000。（ ）（航标法规标准汇编――港口技术规范）
",0
"49、导标的设计偏离量是指船舶离导标轴线航行时，离导标轴线容许的偏差量。（ ）（航标法规标准――港口技术规范）
",0
"50、前标标顶设计高程应不小于计算的前标标顶最小高程，根据具体情况可适当加大。（ ）（航标法规标准汇编――港口技术规范）
",1
"51、根据IMO船舶定线制规定，环形航道按逆时针方向航行（ ）。（出处：航标实用手册P15）
",1
"52、根据IMO船舶定线制规定，安全水域标可设在分隔带或分隔线上。（ ）（出处：航标实用手册P15）
",1
"53、灯器安装使用前应经试运行，新灯器应连续正常运行72小时，修复灯器应连续正常运行24小时。（ ）（出处：法规汇编――航标固定建筑物维护）
",0
"54、同一距离的航标灯，绿色和红色看起来距离不一样，绿色的看起来远，红色的看起来近（ ）（出处：视觉航标基础理论P76）
",1
"55、牛眼透镜是由内壁圆筒形的平凹镜、折射菱镜圈和（或）折反菱镜圈组成的环射式透镜。（ ）（出处：航标光声学P278）
",0
"56、当光束通过菲涅耳透镜时，波阵面是连续的，成像的质量较高。（ ）（出处：航标光声学P264）
",0
"57、大型浮标是具有圆柱形，浑身直径及灯光焦面高度均大于8m，标示港口口门，重要转向点等特定水域，供船舶测定船位，确定航向或为专用目的设置的浮动标志。（ ）（中国海区灯船和大型浮标制式3.2）
",0
"58、灯船、大型浮标水线以上颜色为红色。( ) (中国海区灯船和大型浮标制式4.1.1)
",1
"59、航标效能验收活动分为技术测定和评估两个部分。（ ）（海区航标效能验收规范）
",1
"60、当航标管理机关人为某一新危险物严重危及船舶航行安全时，应尽快设置标示它的标志。这些标志可以使方位标志或侧面标志。（ ）
",1
"61、在一个周期中明的持续时间不少于2S的单闪光是长闪光。（ ）
",1
"62、在一个周期中明的时间之和比暗的时间之和长，且暗的时间是相等的有节奏、不变色的灯光是顿光。（ ）
",1
"63、孤立危物标志灯质为联闪2次白光周期5秒（ ）
",1
"64、北方位标设在危险物或危险区的北方，船舶应在本标的北方通过。( ) （GB4696）
",1
"65、安全水域标设在航道中央或航道的中线上，标示其周围均可航行水域；也可代替方位标或侧面标指示接近陆地。( ) （GB4696）
",1
"66、桥孔禁航标志的灯质为黄色，莫p12s。( ) （中国海区可航行水域桥梁助航标志 4.4.2） 
",1
"67、我国出版的海图标示的水深为理论深度基准面至该点海底的深度( ）
",1
"1.按海图形式，将海图分为纸质海图、数字海图二种。（ ）
",0
"2.各种礁石采用相同的基准面，即理论最低潮面。（ ）
",0
"3.习惯上将海图的地理要素分成海域要素和陆地要素两大类。（ ）
",1
"4.大圆海图的投影方法是属外射平面投影。（ ）
",0
"5.从狭义角度上来讲，电子海图就是指电子海图数据。（ ）
",1
"6.英版海图图式中，缩写“LANBY”代表大型助航浮标。（ ）
",1
"7.非标准电子海图由于不是官方海道测量机构制作的，其数据权威性不能得到保证。（ ）
",1
"8.利用等高线识别物标时，草绘间断线不说明高程但反映山形，应加以利用。（ ）
",0
"9.电子海图显示及信息系统是指符合IMO、IHO和IEC有关国际标准的船用电子海图系统。（ ）
",1
"10.单一物标方位距离定位中，精度最高的方法是利用六分仪测距和罗经方位定位。（ ）
",1
"11.国际海道测量组织是制定电子海图标准的唯一组织。（ ）
",0
"12.我国采用理论最低潮面作为法定深度基准面。（ ）
",1
"13.我国陆地采用1985年国家高程基准。（ ）
",1
"14.确定深度基准面的原则只需要考虑船舶航行的安全。（ ）
",0
"15.舷角是船首尾线至物标方位线的夹角。（ ）
",1
"16.海水受到月球和太阳的吸引力而使海水产生的上升下降运动叫做潮汐。（ ）
",0
"17.在潮汐升降的每一周期中，当水面降至不能再下降时，叫做低潮或干潮。（ ）
",1
"18.相邻高潮和低潮的水位高度差叫做潮差。高潮与前一个低潮的潮差叫涨潮差。（ ）
",1
"19.利用船位识别物标的关键是船舶的航行不受风流影响。（ ）
",0
"20.涨潮所经历的时间叫涨潮历时。（ ）
",1
"21.天体真出没是指天体中心通过测者视地平的瞬间。（ ）
",0
"22.月球经过其子午圈时刻叫月中天。月球每天经过观测者子午圈两次。一次通过观测者地面上的子午圈，称“月上中天”；另一次通过观测者地面下的子午圈，称“月下中天”。（ ）
",1
"23.由于潮汐主要是月球引潮力产生的，因此月中天时刻就是高潮时间。（ ）
",0
"1.无线电航标包括雷达指向标，雷达应答器.罗兰C ，全球定位系统（GPS），差分全球定系统（DGPS），全球导航星系统（GLONASS）等。（ ）
",1
"2.伪距差分GPS是目前广泛应用的一种差分技术，国际海事组织（IMO）为此制定了RTCM SC-104差分校正电文格式，推荐使用。（ ）
",0
"3.在差分卫星定位系统中，基准台提供视界内所有跟踪卫星的伪距校正量，用户可接收其中任意4颗卫星的校正量进行校正，不存在选星是否相同的问题，校正灵活。（ ）
",1
"4.GDOP表达了用户位置及用户钟与误差之间的关系，GDOP的数值越小，表明选用的卫星的几何图形配置越理想，使位置和时间的偏差值也相应减小。（ ）
",1
"5.GPS是通过比较卫星钟和用户接收机的时钟来测距的，时钟的误差将直接变成测距误差，主要包括：时钟漂移.时种的相对论效应。（ ）
",1
"6.用户设备误差主要包括接收机噪声.量化误差和接收机通道间偏差。（ ）
",1
"7.X频段雷达应答器工作于垂直极化方式。（ ）
",0
"8.雷达应答器摩尔斯码“D”用于危险物标志的标示。（ ）
",1
"9.雷康的海上作用距离主要取决于雷康的高度和询问雷达的高度。（ ）
",1
"10.AIS系统的主要作用是提高船舶定位精度。（ ）
",0
"11.AIS将使船舶之间.船岸之间进行有效的数据交换，因此将提高航行的安全性。（ ）
",1
"12.差分GPS作用主要是提高接收卫星的效率。（ ）
",0
"13.AIS基站覆盖范围外AIS船舶之间无法进行通信（ ）
",0
"14.DGPS定位精度与台站距离有关（ ）
",1
"15.差分GPS电文15是备用电文（ ）
",1
"16.卫星识别可以用不同的标识方法，如发射序号，伪码编号，轨道位置号和国际命名等（ ）
",1
"17.GPS卫星能源由太阳能电池提供（ ）
",1
"18.DGPS参考站无须接收卫星信号生成改正数（ ）
",0
"19.消除SA影响唯一的方法是利用密匙自动消除。（ ）
",0
"20.RBN/DGPS主要由基准台.播发台.完好性监控台和监控中心组成。（ ）
",1
"21. AIS采用的时间基准是UTC，该时间标准比北京时间快８个小时。（ ）
",0
"22.差分定位技术对提高定位精度无帮助，只是保证接收信号稳定（ ）
",0
"23.无线电航标和音响航标应根据船舶航行需要和近海干线或海港的具体条件，在重要的转向点，港口口门.人工航槽或狭窄航道，警戒危险障碍物等关键部位设置。（ ）
",1
"24.RBN-DGPS 台站采用北京时间。（ ）《沿海无线电指向标一差分全球定位系统播发标准》（7T 377-1998）中6.6）
",1
"25.DGPS接收机在没有差分信号的情况下不能进行定位（ ）
",0
"26.AIS的主要用途是提高海上航行的安全和效率,加强海上人命安全,保护海洋环境。（ ）
",1
"27.AIS船舶静态信息报告率每6分钟1次或当数据被修改或接收到请求时报告（ ）
",0
"28.AIS船舶动态信息与航速和载重量有关（ ）
",0
"29.自主模式下当AIS船舶航速大于23节时，其信息更新间隔为2秒（ ）
",1
"30.AIS基站对每个接收到的VDL信息应不对内容作任何处理，以VDM语句传送至PI（ ）
",1
"31.船台MMSI不是唯一的（ ）
",0
"32.在AIS岸基站技术测定内容中，其验收标准包括信号准确、功率正常、工作连续。（ ）（出处：海区航标效能验收规范  JT/T759-2009）
",1
"33.在雷达应答器技术测定内容中，其验收标准包括编码准确、信号正常、工作连续。（ ）（出处：海区航标效能验收规范  JT/T759-2009）
",0
"34.AIS航标分为3种类型，分别为1型AIS航标、2型AIS航标、3型AIS航标。（ ）（出处：自动识别系统（AIS）航标应用导则 JT/T 1193―2018）
",1
"35.按照使用时间分类，虚拟AIS航标可分为临时虚拟AIS航标和永久虚拟AIS航标。（ ）（出处：自动识别系统（AIS）航标应用导则 JT/T 1193―2018）
",1
"36.差分全球卫星导航系统的缩略语为DGPS。（ ）（出处：自动识别系统（AIS）航标应用导则 JT/T 1193―2018）
",0
"37.AIS实体航标是设置在实体航标上，且使用AIS 6号电文播发该航标相关信息的装置（ ）（出处：自动识别系统（AIS）航标应用导则 JT/T 1193―2018）
",0
"39、布设水中标志上的雷达应答器应选用短程雷达应答器，天线选用全向天线。（ ）
",1
"40、雷达应答器是一种专门用于助航的设备，其频段被分配在X和S两个船用雷达波段，而且当前大多数雷达应答器都工作在S波段。（ ）
",0
"41、工作在危险水域雷达应答器的发射时间不超过25微秒（脉冲长度约2海里），锁定时间50---100微秒，最小的锁定时间为10微秒，以防止雷达应答器自身的发射波在附近反射而触发自己。（ ）
",1
"42、雷达应答器布设完毕后，应进行实际拉测，并做好拉测记录及建档工作。（ ）
",1
